{
  "name": "电商爬虫",
  "display_name": "电商商品数据采集爬虫",
  "description": "基于TikTok项目经验的智能电商爬虫，支持滑块验证自动处理",
  "type": "customized",
  "cmd": "python crawlab_spider.py",
  "param": "--keywords={{keywords}} --max-pages={{max_pages}} --headless",
  "priority": 5,
  "enabled": true,
  "category": "电商数据采集",
  "tags": ["电商", "商品", "TikTok", "滑块处理"],
  "config": {
    "spider_type": "general",
    "auto_install": true,
    "install_cmd": "pip install -r requirements.txt",
    "results_collection": "products",
    "dedupe_enabled": true,
    "dedupe_field": "title",
    "schedule_enabled": false
  },
  "params": [
    {
      "name": "keywords",
      "display_name": "搜索关键词",
      "description": "要搜索的商品关键词，多个关键词用逗号分隔",
      "type": "string",
      "required": true,
      "default": "phone case,wireless charger,bluetooth headphones",
      "placeholder": "请输入搜索关键词，如：手机壳,数据线,充电器"
    },
    {
      "name": "max_pages",
      "display_name": "最大页数",
      "description": "每个关键词最多采集多少页",
      "type": "int",
      "required": false,
      "default": 1,
      "min": 1,
      "max": 10
    }
  ],
  "env_vars": [
    {
      "name": "MONGO_URI",
      "display_name": "MongoDB连接URI",
      "description": "MongoDB数据库连接地址",
      "required": false,
      "default": "mongodb://mongo:27017"
    },
    {
      "name": "DATABASE_NAME",
      "display_name": "数据库名称",
      "description": "存储数据的数据库名称",
      "required": false,
      "default": "crawler_db"
    },
    {
      "name": "LOG_LEVEL",
      "display_name": "日志级别",
      "description": "日志记录级别",
      "required": false,
      "default": "INFO",
      "options": ["DEBUG", "INFO", "WARNING", "ERROR"]
    }
  ],
  "results": {
    "fields": [
      {
        "name": "keyword",
        "display_name": "搜索关键词",
        "type": "string",
        "description": "商品搜索关键词"
      },
      {
        "name": "title",
        "display_name": "商品标题",
        "type": "string",
        "description": "商品完整标题"
      },
      {
        "name": "scraped_at",
        "display_name": "采集时间",
        "type": "datetime",
        "description": "数据采集时间"
      },
      {
        "name": "slider_encountered",
        "display_name": "遇到滑块",
        "type": "boolean",
        "description": "是否遇到滑块验证"
      },
      {
        "name": "slider_solved",
        "display_name": "滑块成功",
        "type": "boolean",
        "description": "滑块验证是否成功"
      }
    ]
  },
  "stats": {
    "fields": [
      {
        "name": "total_keywords",
        "display_name": "总关键词数",
        "type": "int"
      },
      {
        "name": "successful_keywords",
        "display_name": "成功关键词",
        "type": "int"
      },
      {
        "name": "total_products",
        "display_name": "总商品数",
        "type": "int"
      },
      {
        "name": "slider_encountered",
        "display_name": "遇到滑块次数",
        "type": "int"
      },
      {
        "name": "slider_solved",
        "display_name": "滑块成功次数",
        "type": "int"
      }
    ]
  },
  "requirements": [
    "selenium>=4.15.0",
    "pymongo>=4.6.0",
    "requests>=2.31.0",
    "ddddocr>=1.4.7",
    "opencv-python>=4.8.0",
    "numpy>=1.24.0",
    "webdriver-manager>=4.0.0"
  ],
  "system_requirements": {
    "python_version": ">=3.8",
    "memory_mb": 1024,
    "disk_mb": 500,
    "chrome_required": true
  },
  "monitoring": {
    "health_check": {
      "enabled": true,
      "interval": 30,
      "timeout": 10,
      "endpoint": "/health"
    },
    "metrics": {
      "enabled": true,
      "fields": ["products_per_minute", "success_rate", "slider_success_rate"]
    }
  },
  "error_handling": {
    "max_retries": 3,
    "retry_delay": 5,
    "ignore_errors": ["TimeoutException", "NoSuchElementException"],
    "critical_errors": ["WebDriverException", "DatabaseConnectionError"]
  },
  "documentation": {
    "readme": "README.md",
    "changelog": "CHANGELOG.md",
    "examples": [
      {
        "name": "基础使用",
        "description": "使用默认参数运行爬虫",
        "command": "python crawlab_spider.py --keywords='phone case'"
      },
      {
        "name": "多关键词采集",
        "description": "同时采集多个关键词的商品",
        "command": "python crawlab_spider.py --keywords='phone case,wireless charger,bluetooth headphones' --max-pages=2"
      },
      {
        "name": "输出到文件",
        "description": "将采集结果保存到JSON文件",
        "command": "python crawlab_spider.py --keywords='数据线' --output=results.json"
      }
    ]
  }
}